BME688_Pressure_hPa,h2seas/nose/bme688/pressure_hpa
BME688_Humidity_RH_pct,h2seas/nose/bme688/humidity_pct
BME688_Temperature_C,h2seas/nose/bme688/temperature_c
BME688_VOC_ppm,h2seas/nose/bme688/voc_ppm
BME688_VSC_ppb,h2seas/nose/bme688/vsc_ppb
BME688_CO_ppm,h2seas/nose/bme688/co_ppm
BME688_H2_ppm,h2seas/nose/bme688/h2_ppm
ENS160_TVOC_ppb,h2seas/nose/ens160/tvoc_ppb
ENS160_EtOH_ppm,h2seas/nose/ens160/etoh_ppm
ENS160_H2_ppm,h2seas/nose/ens160/h2_ppm
ENS160_Acetone_ppm,h2seas/nose/ens160/acetone_ppm
ENS160_Toluene_ppm,h2seas/nose/ens160/toluene_ppm
ENS160_eCO2_ppm,h2seas/nose/ens160/eco2_ppm
ENS160_AQI_UBA,h2seas/nose/ens160/aqi_uba
MiCS4514_CO_ppm,h2seas/nose/mics4514/co_ppm
MiCS4514_NO2_ppm,h2seas/nose/mics4514/no2_ppm
MiCS4514_EtOH_ppm,h2seas/nose/mics4514/etoh_ppm
MiCS4514_H2_ppm,h2seas/nose/mics4514/h2_ppm
MiCS4514_NH3_ppm,h2seas/nose/mics4514/nh3_ppm
MiCS4514_CH4_ppm,h2seas/nose/mics4514/ch4_ppm
SP30_PM10_ugm3,h2seas/nose/sp30/pm10_ugm3
SP30_PM2_5_ugm3,h2seas/nose/sp30/pm2_5_ugm3
ADXL355Z_1_RMSx_g,h2seas/vibration/adxl355z_1/rms_x_g
ADXL355Z_1_RMSy_g,h2seas/vibration/adxl355z_1/rms_y_g
ADXL355Z_1_RMSz_g,h2seas/vibration/adxl355z_1/rms_z_g
ADXL355Z_1_RMSvec_g,h2seas/vibration/adxl355z_1/rms_vec_g
ADXL355Z_1_VDV_ms1_75,h2seas/vibration/adxl355z_1/vdv_ms1_75
ADXL355Z_1_Peak_g,h2seas/vibration/adxl355z_1/peak_g
ADXL355Z_1_CF,h2seas/vibration/adxl355z_1/cf
ADXL355Z_2_RMSx_g,h2seas/vibration/adxl355z_2/rms_x_g
ADXL355Z_2_RMSy_g,h2seas/vibration/adxl355z_2/rms_y_g
ADXL355Z_2_RMSz_g,h2seas/vibration/adxl355z_2/rms_z_g
ADXL355Z_2_RMSvec_g,h2seas/vibration/adxl355z_2/rms_vec_g
ADXL355Z_2_VDV_ms1_75,h2seas/vibration/adxl355z_2/vdv_ms1_75
ADXL355Z_2_Peak_g,h2seas/vibration/adxl355z_2/peak_g
ADXL355Z_2_CF,h2seas/vibration/adxl355z_2/cf
ADXL355Z_3_RMSx_g,h2seas/vibration/adxl355z_3/rms_x_g
ADXL355Z_3_RMSy_g,h2seas/vibration/adxl355z_3/rms_y_g
ADXL355Z_3_RMSz_g,h2seas/vibration/adxl355z_3/rms_z_g
ADXL355Z_3_RMSvec_g,h2seas/vibration/adxl355z_3/rms_vec_g
ADXL355Z_3_VDV_ms1_75,h2seas/vibration/adxl355z_3/vdv_ms1_75
ADXL355Z_3_Peak_g,h2seas/vibration/adxl355z_3/peak_g
ADXL355Z_3_CF,h2seas/vibration/adxl355z_3/cf
ICS43434_1_Audio_RMS_A_norm,h2seas/vibration/ics43434_1/rms_a_norm
ICS43434_1_Audio_dB_A_rel,h2seas/vibration/ics43434_1/db_a_rel
ICS43434_1_Audio_Peak_A,h2seas/vibration/ics43434_1/peak_a
ICS43434_1_Audio_CF_A,h2seas/vibration/ics43434_1/cf_a
ICS43434_2_Audio_RMS_A_norm,h2seas/vibration/ics43434_2/rms_a_norm
ICS43434_2_Audio_dB_A_rel,h2seas/vibration/ics43434_2/db_a_rel
ICS43434_2_Audio_Peak_A,h2seas/vibration/ics43434_2/peak_a
ICS43434_2_Audio_CF_A,h2seas/vibration/ics43434_2/cf_a
ICS43434_3_Audio_RMS_A_norm,h2seas/vibration/ics43434_3/rms_a_norm
ICS43434_3_Audio_dB_A_rel,h2seas/vibration/ics43434_3/db_a_rel
ICS43434_3_Audio_Peak_A,h2seas/vibration/ics43434_3/peak_a
ICS43434_3_Audio_CF_A,h2seas/vibration/ics43434_3/cf_a
